id,Name,Fueltype,Technology,Set,Country,Capacity,Efficiency,DateIn,DateRetrofit,DateOut,lat,lon,Duration,Volume_Mm3,DamHeight_m,StorageCapacity_MWh,EIC,projectID
25,Chastang,hydro,Run-Of-River,Store,FR,407.4984785439482,,1951.0,,,45.1518,2.0098,,0.0,0.0,0.0,{'17W100P100P0302T'},"{'ENTSOE': {'17W100P100P0302T'}, 'GEM': {'G601650'}, 'JRC': {'JRC-H151'}, 'OPSD': {'OEU-210'}, 'GPD': {'WRI1002704'}, 'GEO': {'GEO-2638', 'GEO-39746'}}"
26,Cheylas,hydro,Pumped Storage,Store,FR,835.2528362000301,,1979.0,,,45.3865,6.0013,5.8,0.0,0.0,0.0,{'17W100P100P0273A'},"{'ENTSOE': {'17W100P100P0273A'}, 'GEM': {'G601652'}, 'JRC': {'JRC-H63'}, 'OPSD': {'OEU-198'}, 'GPD': {'WRI1002705'}, 'GEO': {'GEO-45014'}}"
28,Combe Avrieux,hydro,Reservoir,Store,FR,171.06591420104309,,1950.0,,,45.215,6.712,,0.0,0.0,0.0,{'17W100P100P02837'},"{'ENTSOE': {'17W100P100P02837'}, 'GEM': {'G601654'}, 'JRC': {'JRC-H419'}, 'OPSD': {'OEU-235'}, 'GPD': {'WRI1002710'}, 'GEO': {'GEO-39818'}}"
29,Couesque,hydro,Run-Of-River,PP,FR,165.50279504003356,,1950.0,,,44.6953,2.5825,,0.0,0.0,0.0,{'17W100P100P0313O'},"{'ENTSOE': {'17W100P100P0313O'}, 'GEM': {'G601655'}, 'JRC': {'JRC-H433'}, 'OPSD': {'OEU-211'}, 'GPD': {'WRI1002714'}, 'GEO': {'GEO-39721'}}"
51,Pouget,hydro,Reservoir,Store,FR,621.5394882637898,,1951.0,,,44.0597,2.7701,1.573033708,0.0,0.0,0.0,{'17W100P100P0290A'},"{'ENTSOE': {'17W100P100P0290A'}, 'GEM': {'G601686'}, 'JRC': {'JRC-H73'}, 'OPSD': {'OEU-242'}, 'GPD': {'WRI1002758'}, 'GEO': {'GEO-39723'}}"
52,Pied De Borne,hydro,Reservoir,Store,FR,152.1513090536107,,1965.0,,,44.4788,3.9858,,0.0,0.0,0.0,{'17W100P100P0289W'},"{'ENTSOE': {'17W100P100P0289W'}, 'GEM': {'G601684'}, 'JRC': {'JRC-H471'}, 'OPSD': {'OEU-241'}, 'GPD': {'WRI1002755'}, 'GEO': {'GEO-39800'}}"
53,Ottmarsheim,hydro,Run-Of-River,PP,FR,216.96164727937173,,1952.0,,,47.7741,7.5225,,0.0,0.0,0.0,{'17W100P100P0306L'},"{'ENTSOE': {'17W100P100P0306L'}, 'GEM': {'G601682'}, 'JRC': {'JRC-H318'}, 'OPSD': {'OEU-222'}, 'GPD': {'WRI1002751'}, 'GEO': {'GEO-39779'}}"
54,Oraison,hydro,Reservoir,Store,FR,260.0758207771956,,1962.0,,,43.9212,5.9253,,0.0,0.0,0.0,{'17W100P100P0288Y'},"{'ENTSOE': {'17W100P100P0288Y'}, 'GEM': {'G601680'}, 'JRC': {'JRC-H260'}, 'OPSD': {'OEU-240'}, 'GPD': {'WRI1002750'}, 'GEO': {'GEO-39706'}}"
55,Montpezat,hydro,Reservoir,Store,FR,183.30477635526407,,1954.0,,,43.7514,6.0888,,0.0,0.0,0.0,{'17W100B100P0287S'},"{'ENTSOE': {'17W100B100P0287S'}, 'GEM': {'G601679'}, 'JRC': {'JRC-H387'}, 'OPSD': {'OEU-239'}, 'GPD': {'WRI1002748'}, 'GEO': {'GEO-39820'}}"
56,Vouglans,hydro,Reservoir,Store,FR,396.37224022192913,,1968.0,,,46.3968,5.6634,,0.0,0.0,0.0,{'17W100P100P0301V'},"{'ENTSOE': {'17W100P100P0301V'}, 'GEM': {'G601710'}, 'JRC': {'JRC-H167'}, 'OPSD': {'OEU-253'}, 'GPD': {'WRI1002786'}, 'GEO': {'GEO-39796', 'GEO-45927'}}"
57,Monteynard,hydro,Reservoir,Store,FR,509.0254032323721,,1962.0,,,44.8722,5.7726,212.8415301,0.0,0.0,0.0,{'17W100P100P02861'},"{'ENTSOE': {'17W100P100P02861'}, 'GEM': {'G601677'}, 'JRC': {'JRC-H105'}, 'OPSD': {'OEU-238'}, 'GPD': {'WRI1002746'}, 'GEO': {'GEO-39790'}}"
58,Mareges,hydro,Run-Of-River,PP,FR,208.61696853785742,,1935.0,2018.0,,45.3917,2.3646,,0.0,0.0,0.0,{'17W100P100P0328B'},"{'ENTSOE': {'17W100P100P0328B'}, 'GEM': {'G601675'}, 'JRC': {'JRC-H328'}, 'OPSD': {'OEU-214'}, 'GPD': {'WRI1002742'}, 'GEO': {'GEO-39738'}}"
59,Marckolsheim,hydro,Run-Of-River,PP,FR,217.2398032374222,,1961.0,,,48.1537,7.5898,,0.0,0.0,0.0,{'17W100P100P0305N'},"{'ENTSOE': {'17W100P100P0305N'}, 'GEM': {'G601674'}, 'JRC': {'JRC-H316'}, 'OPSD': {'OEU-220'}, 'GPD': {'WRI1002741'}, 'GEO': {'GEO-39808'}}"
60,Malgovert,hydro,Reservoir,Store,FR,413.0615977049577,,1952.0,,,45.6178,6.791,1370.707071,0.0,0.0,0.0,{'17W100P100P02853'},"{'ENTSOE': {'17W100P100P02853'}, 'GEM': {'G601672'}, 'JRC': {'JRC-H149'}, 'OPSD': {'OEU-237'}, 'GPD': {'WRI1002740'}, 'GEO': {'GEO-39815'}}"
61,Logis Neuf,hydro,Run-Of-River,PP,FR,266.7515637704071,,1960.0,1960.0,,44.6763,4.7868,,0.0,0.0,0.0,"{'17W000001017799C', '17W100P100P0322N'}","{'ENTSOE': {'17W000001017799C', '17W100P100P0322N'}, 'GEM': {'G601671'}, 'JRC': {'JRC-H356'}, 'OPSD': {'OEU-206'}, 'GPD': {'WRI1002690'}, 'GEO': {'GEO-39759'}}"
62,Kembs,hydro,Run-Of-River,PP,FR,225.44540399991126,,1932.0,2016.0,,47.6548,7.5183,,0.0,0.0,0.0,{'17W100P100P0307J'},"{'ENTSOE': {'17W100P100P0307J'}, 'GEM': {'G601664'}, 'JRC': {'JRC-H323', 'JRC-H299'}, 'OPSD': {'OEU-219'}, 'GPD': {'WRI1002738'}, 'GEO': {'GEO-39780'}}"
63,Grand Maison,hydro,Pumped Storage,Store,FR,2927.690353690827,,1987.0,2017.0,,45.1454,6.0515,20.59171598,0.0,0.0,0.0,{'17W100P100P02756'},"{'ENTSOE': {'17W100P100P02756'}, 'GEM': {'G601661'}, 'JRC': {'JRC-H3'}, 'OPSD': {'OEU-200'}, 'GPD': {'WRI1002734'}, 'GEO': {'GEO-42969'}}"
64,Gerstheim,hydro,Run-Of-River,PP,FR,195.4045605304598,,1967.0,,,48.4021,7.7272,,0.0,0.0,0.0,{'17W100P100P0310U'},"{'ENTSOE': {'17W100P100P0310U'}, 'GEM': {'G601659'}, 'JRC': {'JRC-H353'}, 'OPSD': {'OEU-217'}, 'GPD': {'WRI1002732'}, 'GEO': {'GEO-39807'}}"
65,Genissiat,hydro,Run-Of-River,Store,FR,552.8349666253222,,1948.0,1948.0,,46.0527,5.8128,,0.0,0.0,0.0,{'17W100P100P0319C'},"{'ENTSOE': {'17W100P100P0319C'}, 'GEM': {'G601658'}, 'JRC': {'JRC-H83'}, 'OPSD': {'OEU-216'}, 'GPD': {'WRI1002730'}, 'GEO': {'GEO-39698'}}"
66,Fessenheim,hydro,Run-Of-River,PP,FR,243.386463294167,,1956.0,,,47.9146,7.5706,,0.0,0.0,0.0,{'17W100P100P0303R'},"{'ENTSOE': {'17W100P100P0303R'}, 'GEM': {'G601657'}, 'JRC': {'JRC-H283'}, 'OPSD': {'OEU-213'}, 'GPD': {'WRI1002726'}, 'GEO': {'GEO-39778'}}"
67,Montezic,hydro,Pumped Storage,Store,FR,1567.175424622737,,1982.0,,,44.7372,2.6432,40.0,0.0,0.0,0.0,{'17W100P100P02772'},"{'ENTSOE': {'17W100P100P02772'}, 'GEM': {'G601678'}, 'JRC': {'JRC-H20'}, 'OPSD': {'OEU-201'}, 'GPD': {'WRI1002747'}, 'GEO': {'GEO-42240'}}"
68,Caderousse,hydro,Run-Of-River,PP,FR,259.5195088610946,,1975.0,1975.0,,44.0961,4.7233,,0.0,0.0,0.0,{'17W100P100P0325H'},"{'ENTSOE': {'17W100P100P0325H'}, 'GEM': {'G601649'}, 'JRC': {'JRC-H317'}, 'OPSD': {'OEU-209'}, 'GPD': {'WRI1002702'}, 'GEO': {'GEO-39825'}}"
69,Vogelgrun,hydro,Run-Of-River,PP,FR,195.4045605304598,,1958.0,,,48.0199,7.5733,,0.0,0.0,0.0,{'17W100P100P0311S'},"{'ENTSOE': {'17W100P100P0311S'}, 'GEM': {'G601709'}, 'JRC': {'JRC-H354', 'JRC-H364'}, 'OPSD': {'OEU-230'}, 'GPD': {'WRI1002785'}, 'GEO': {'GEO-5953'}}"
70,Villarodin,hydro,Reservoir,Store,FR,496.5083851201007,,1968.0,,,45.2128,6.7164,1932.492997,0.0,0.0,0.0,{'17W100P100P0300X'},"{'ENTSOE': {'17W100P100P0300X'}, 'GEM': {'G601708'}, 'JRC': {'JRC-H114'}, 'OPSD': {'OEU-252'}, 'GPD': {'WRI1002784'}, 'GEO': {'GEO-39817'}}"
71,Super Bissorte,hydro,Pumped Storage,Store,FR,1278.3673820851182,,1936.0,,,45.2047,6.5779,3.818181818,0.0,0.0,0.0,{'17W100P100P02764'},"{'ENTSOE': {'17W100P100P02764'}, 'GEM': {'G601707'}, 'JRC': {'JRC-H24'}, 'OPSD': {'OEU-203'}, 'GPD': {'WRI1002781'}, 'GEO': {'GEO-44379', 'GEO-39783'}}"
72,Strasbourg,hydro,Run-Of-River,PP,FR,205.5572529993022,,1969.0,2016.0,,48.5256,7.7966,,0.0,0.0,0.0,{'17W100P100P0308H'},"{'ENTSOE': {'17W100P100P0308H'}, 'GEM': {'G601706'}, 'JRC': {'JRC-H339'}, 'OPSD': {'OEU-228'}, 'GPD': {'WRI1002780'}, 'GEO': {'GEO-39811'}}"
73,St Etienne Cantales,hydro,Reservoir,Store,FR,143.66755233307114,,1945.0,2016.0,,44.9453,2.2184,,0.0,0.0,0.0,{'17W100P100P02950'},"{'ENTSOE': {'17W100P100P02950'}, 'GEM': {'G601698'}, 'JRC': {'JRC-H501'}, 'OPSD': {'OEU-251'}, 'GPD': {'WRI1002778'}, 'GEO': {'GEO-39739'}}"
74,Sisteron,hydro,Reservoir,Store,FR,333.7871496605719,,1975.0,2017.0,,44.2093,5.9186,,0.0,0.0,0.0,{'17W100P100P02942'},"{'ENTSOE': {'17W100P100P02942'}, 'GEM': {'G601705'}, 'JRC': {'JRC-H221'}, 'OPSD': {'OEU-250'}, 'GPD': {'WRI1002774'}, 'GEO': {'GEO-39773'}}"
75,Serre Poncon,hydro,Reservoir,Store,FR,534.059439456915,,1960.0,,,44.4709,6.2696,1036.756757,0.0,0.0,0.0,{'17W100P100P02926'},"{'ENTSOE': {'17W100P100P02926'}, 'GEM': {'G601704'}, 'JRC': {'JRC-H97'}, 'OPSD': {'OEU-249'}, 'GPD': {'WRI1002773'}, 'GEO': {'GEO-39770'}}"
76,Sarrans,hydro,Reservoir,Store,FR,254.51270161618606,,1932.0,,,44.828,2.7395,,0.0,0.0,0.0,{'17W100P100P02934'},"{'ENTSOE': {'17W100P100P02934'}, 'GEM': {'G601703'}, 'JRC': {'JRC-H267'}, 'OPSD': {'OEU-248'}, 'GPD': {'WRI1002771'}, 'GEO': {'GEO-39726'}}"
77,Sainte Croix,hydro,Reservoir,Store,FR,184.00016625039027,,1974.0,,,43.7375,6.1343,,0.0,0.0,0.0,{'17W100P100P0297X'},"{'ENTSOE': {'17W100P100P0297X'}, 'GEM': {'G601699'}, 'JRC': {'JRC-H384'}, 'OPSD': {'OEU-247'}, 'GPD': {'WRI1002770'}, 'GEO': {'GEO-39712'}}"
79,Saint Esteve,hydro,Reservoir,Store,FR,196.09995042558597,,1963.0,,,43.692,5.385,,0.0,0.0,0.0,{'17W100P100P0298V'},"{'ENTSOE': {'17W100P100P0298V'}, 'GEM': {'G601694'}, 'JRC': {'JRC-H351'}, 'OPSD': {'OEU-245'}, 'GPD': {'WRI1002766'}, 'GEO': {'GEO-39736'}}"
80,Saint Chamas,hydro,Reservoir,Store,FR,221.13398665012886,,1965.0,,,43.529,5.0741,,0.0,0.0,0.0,{'17W100P100P0296Z'},"{'ENTSOE': {'17W100P100P0296Z'}, 'GEM': {'G601693'}, 'JRC': {'JRC-H311'}, 'OPSD': {'OEU-244'}, 'GPD': {'WRI1002765'}, 'GEO': {'GEO-39735'}}"
81,Rhinau,hydro,Run-Of-River,PP,FR,211.3985281183622,,1963.0,2016.0,,48.2844,7.6768,,0.0,0.0,0.0,{'17W100P100P0304P'},"{'ENTSOE': {'17W100P100P0304P'}, 'GEM': {'G601690'}, 'JRC': {'JRC-H325'}, 'OPSD': {'OEU-225'}, 'GPD': {'WRI1002764'}, 'GEO': {'GEO-39809'}}"
82,Revin,hydro,Pumped Storage,Store,FR,1391.5140034012873,,1974.0,,,49.9276,4.6171,5.573019802,0.0,0.0,0.0,{'17W100P100P02780'},"{'ENTSOE': {'17W100P100P02780'}, 'GEM': {'G601689'}, 'JRC': {'JRC-H29'}, 'OPSD': {'OEU-202'}, 'GPD': {'WRI1002763'}, 'GEO': {'GEO-39715', 'GEO-45157'}}"
83,Pragneres,hydro,Reservoir,Store,FR,263.1355363157508,,1953.0,,,42.8205,0.0102,,0.0,0.0,0.0,{'17W100P100P02918'},"{'ENTSOE': {'17W100P100P02918'}, 'GEM': {'G601687'}, 'JRC': {'JRC-H257'}, 'OPSD': {'OEU-243'}, 'GPD': {'WRI1002759'}, 'GEO': {'GEO-39776'}}"
89,Saint Guillerme,hydro,Reservoir,Store,FR,161.3304556692764,,1983.0,,,45.029,6.0717,,0.0,0.0,0.0,{'17W100P100P0299T'},"{'ENTSOE': {'17W100P100P0299T'}, 'GEM': {'G601695'}, 'JRC': {'JRC-H440'}, 'OPSD': {'OEU-246'}, 'GPD': {'WRI1002767'}, 'GEO': {'GEO-45154', 'GEO-39797'}}"
128,Brommat,hydro,Reservoir,Store,FR,564.6565948424675,,1933.0,,,44.7682,2.6834,,0.0,0.0,0.0,{'17W100P100P02829'},"{'ENTSOE': {'17W100P100P02829'}, 'GEM': {'G601648'}, 'JRC': {'JRC-H89'}, 'OPSD': {'OEU-234'}, 'GPD': {'WRI1002700'}, 'GEO': {'GEO-39720'}}"
141,Aston,hydro,Run-Of-River,PP,FR,144.6410981862478,,1947.0,,,42.7772,1.6764,,0.0,0.0,0.0,{'17W100P100P0315K'},"{'ENTSOE': {'17W100P100P0315K'}, 'GEM': {'G601638'}, 'JRC': {'JRC-H495'}, 'OPSD': {'OEU-204'}, 'GPD': {'WRI1002688'}, 'GEO': {'GEO-39716'}}"
142,Avignon,hydro,Run-Of-River,PP,FR,166.89357483028596,,1973.0,1973.0,,43.9764,4.8191,,0.0,0.0,0.0,{'17W100P100P0326F'},"{'ENTSOE': {'17W100P100P0326F'}, 'GEM': {'G601640'}, 'JRC': {'JRC-H407'}, 'OPSD': {'OEU-205'}, 'GPD': {'WRI1002689'}, 'GEO': {'GEO-39823'}}"
143,Bathie,hydro,Reservoir,Store,FR,823.3416358294106,,1961.0,2018.0,,45.6452,6.4443,1038.827839,0.0,0.0,0.0,{'17W100P100P0280D'},"{'ENTSOE': {'17W100P100P0280D'}, 'GEM': {'G601641'}, 'JRC': {'JRC-H47'}, 'OPSD': {'OEU-232'}, 'GPD': {'WRI1002691'}, 'GEO': {'GEO-39814', 'GEO-45155'}}"
144,Beauchastel,hydro,Run-Of-River,PP,FR,267.0297197284575,,1963.0,1963.0,,44.8242,4.8099,,0.0,0.0,0.0,{'17W100P100P0321P'},"{'ENTSOE': {'17W100P100P0321P'}, 'GEM': {'G601643'}, 'JRC': {'JRC-H245'}, 'OPSD': {'OEU-207'}, 'GPD': {'WRI1002692'}, 'GEO': {'GEO-39756'}}"
145,Bollene,hydro,Run-Of-River,PP,FR,485.66030275613207,,1952.0,1952.0,,44.3039,4.7418,,0.0,0.0,0.0,{'17W100P100P0324J'},"{'ENTSOE': {'17W100P100P0324J'}, 'GEM': {'G601645'}, 'JRC': {'JRC-H116'}, 'OPSD': {'OEU-212'}, 'GPD': {'WRI1002723'}, 'GEO': {'GEO-39757'}}"
146,Bort,hydro,Reservoir,Store,FR,326.83325070931,,1951.0,,,45.4127,2.4986,,0.0,0.0,0.0,{'17W100P100P0281B'},"{'ENTSOE': {'17W100P100P0281B'}, 'GEM': {'G601646'}, 'JRC': {'JRC-H187'}, 'OPSD': {'OEU-233'}, 'GPD': {'WRI1002696'}, 'GEO': {'GEO-2402', 'GEO-39749'}}"
147,Curbans,hydro,Reservoir,Store,FR,193.3183908450812,,1966.0,,,47.915,6.0616,,0.0,0.0,0.0,{'17W100P100P02845'},"{'ENTSOE': {'17W100P100P02845'}, 'GEM': {'G601656'}, 'JRC': {'JRC-H370'}, 'OPSD': {'OEU-236'}, 'GPD': {'WRI1002717'}, 'GEO': {'GEO-39714'}}"
148,Bourg Les Valence,hydro,Run-Of-River,PP,FR,250.3403622454289,,1968.0,1968.0,,44.9612,4.8724,,0.0,0.0,0.0,{'17W100P100P0320R'},"{'ENTSOE': {'17W100P100P0320R'}, 'GEM': {'G601647'}, 'JRC': {'JRC-H274'}, 'OPSD': {'OEU-208'}, 'GPD': {'WRI1002698'}, 'GEO': {'GEO-39761'}}"
260,Saussaz,hydro,Run-Of-River,PP,FR,202.21938150269648,,1973.0,,,45.211,6.475,,0.0,0.0,0.0,{'17W100P100P0309F'},"{'ENTSOE': {'17W100P100P0309F'}, 'GEM': {'G601667'}, 'JRC': {'JRC-H341'}, 'OPSD': {'OEU-227'}, 'GPD': {'WRI1002772'}}"
261,Saint Pierre,hydro,Run-Of-River,PP,FR,310.14389322628136,,,,,45.3906,2.3663,,0.0,0.0,0.0,"{'17W100P100P0317G', '17W100P100P03299'}","{'ENTSOE': {'17W100P100P0317G', '17W100P100P03299'}, 'GEM': {'G601697'}, 'JRC': {'JRC-H203'}, 'OPSD': {'OEU-226'}, 'GPD': {'WRI1002768', 'WRI1002769'}}"
262,Randens,hydro,Run-Of-River,PP,FR,172.73484994934594,,1954.0,,,45.5275,6.3208,,0.0,0.0,0.0,{'17W100P100P0312Q'},"{'ENTSOE': {'17W100P100P0312Q'}, 'GEM': {'G601688'}, 'JRC': {'JRC-H413'}, 'OPSD': {'OEU-224'}, 'GPD': {'WRI1002762'}}"
263,Passy,hydro,Run-Of-River,PP,FR,144.6410981862478,,1951.0,,,45.917,6.7272,,0.0,0.0,0.0,{'17W100P100P0316I'},"{'ENTSOE': {'17W100P100P0316I'}, 'GEM': {'G601683'}, 'JRC': {'JRC-H498'}, 'OPSD': {'OEU-223'}, 'GPD': {'WRI1002753'}}"
321,Brens,hydro,Run-Of-River,Store,FR,125.17018112271445,,1982.0,,,45.7253,5.699,,0.0,0.0,0.0,{'17W000001017790U'},"{'ENTSOE': {'17W000001017790U'}, 'GEM': {'G601644'}, 'JRC': {'JRC-H556'}, 'GPD': {'WRI1026744'}, 'GEO': {'GEO-39816'}}"
322,Chateauneuf Du Rhone,hydro,Run-Of-River,PP,FR,383.0207542355062,,1957.0,,,44.498,4.7092,,0.0,0.0,0.0,{'17W100P100P0323L'},"{'ENTSOE': {'17W100P100P0323L'}, 'GEM': {'G601662'}, 'JRC': {'JRC-H165'}, 'GPD': {'WRI1002744'}, 'GEO': {'GEO-39758'}}"
383,Aigle,hydro,Reservoir,Store,FR,500.6807244908578,,1945.0,,,45.2438,2.2248,,0.0,0.0,0.0,{'17W100P100P0279Z'},"{'ENTSOE': {'17W100P100P0279Z'}, 'GEM': {'G601665'}, 'JRC': {'JRC-H109'}, 'OPSD': {'OEU-231'}, 'GEO': {'GEO-3929'}}"
384,Beaucaire,hydro,Run-Of-River,PP,FR,292.0637559530004,,1970.0,1970.0,,43.8238,4.6424,,0.0,0.0,0.0,{'17W100P100P0327D'},"{'ENTSOE': {'17W100P100P0327D'}, 'GEM': {'G601642'}, 'JRC': {'JRC-H228'}, 'OPSD': {'OEU-229'}, 'GEO': {'GEO-39762'}}"
478,Pierre Benite,hydro,Run-Of-River,PP,FR,111.26238322019063,,1966.0,,,45.7018,4.8422,,0.0,0.0,0.0,{'17W000001017793O'},"{'ENTSOE': {'17W000001017793O'}, 'GEM': {'G601685'}, 'JRC': {'JRC-H767'}, 'GPD': {'WRI1026738'}, 'GEO': {'GEO-39813'}}"
487,Chautagne,hydro,Run-Of-River,PP,FR,125.17018112271445,,1980.0,,,45.8786,5.8112,,0.0,0.0,0.0,{'17W000001017789F'},"{'ENTSOE': {'17W000001017789F'}, 'GEM': {'G601651'}, 'JRC': {'JRC-H727'}, 'GPD': {'WRI1026743'}, 'GEO': {'GEO-39696'}}"
581,Hermillon,hydro,Run-Of-River,PP,FR,160.77414375317545,,1974.0,,,45.2848,6.3615,,0.0,0.0,0.0,{'17W100P100P0314M'},"{'ENTSOE': {'17W100P100P0314M'}, 'GEM': {'G601663'}, 'JRC': {'JRC-H443'}, 'OPSD': {'OEU-218'}}"
653,Hospitalet,hydro,Reservoir,Store,FR,129.3425204934716,,1960.0,,,42.5879,1.7972,,0.0,0.0,0.0,{nan},"{'GEM': {'G601666'}, 'JRC': {'JRC-H551'}, 'GPD': {'WRI1026745'}, 'GEO': {'GEO-39806'}}"
654,Le Sautet,hydro,Reservoir,Store,FR,105.6992640591811,,1931.0,,,44.8166,5.9084,,0.0,0.0,0.0,{nan},"{'GEM': {'G601669'}, 'JRC': {'JRC-H636'}, 'GPD': {'WRI1026736'}, 'GEO': {'GEO-39786'}}"
655,Orlu,hydro,Reservoir,Store,FR,123.77940133246207,,1959.0,,,42.6893,1.9119,,0.0,0.0,0.0,{nan},"{'GEM': {'G601681'}, 'JRC': {'JRC-H580'}, 'GPD': {'WRI1026742'}, 'GEO': {'GEO-39717'}}"
656,Sainte Tulle,hydro,Reservoir,PP,FR,134.90563965448115,,1922.0,,,43.7865,5.774,,0.0,0.0,0.0,{nan},"{'GEM': {'G601700'}, 'JRC': {'JRC-H696'}, 'GPD': {'WRI1026747'}, 'GEO': {'GEO-39710'}}"
657,Salignac,hydro,Reservoir,PP,FR,108.48082363968587,,1976.0,,,44.1371,5.9789,,0.0,0.0,0.0,{nan},"{'GEM': {'G601701'}, 'JRC': {'JRC-H751'}, 'GPD': {'WRI1026740'}, 'GEO': {'GEO-39713'}}"
672,Bregnier Cordon,hydro,Run-Of-River,PP,FR,97.3545853176668,,1984.0,,,45.654,5.605,,0.0,0.0,0.0,{'17W000001017791S'},"{'ENTSOE': {'17W000001017791S'}, 'JRC': {'JRC-H877'}, 'GPD': {'WRI1026732'}, 'GEO': {'GEO-39789'}}"
708,Sault Brenaz,hydro,Run-Of-River,PP,FR,62.028778645256274,,1986.0,,,45.846,5.418,,0.0,0.0,0.0,{'17W000001017792Q'},"{'ENTSOE': {'17W000001017792Q'}, 'JRC': {'JRC-H1126'}, 'GPD': {'WRI1026714'}, 'GEO': {'GEO-39695'}}"
721,Seyssel,hydro,Run-Of-River,Store,FR,56.326581505221505,,1951.0,,,45.971,5.834,,0.0,0.0,0.0,{'17W000001017788H'},"{'ENTSOE': {'17W000001017788H'}, 'JRC': {'JRC-H899'}, 'GPD': {'WRI1026715'}, 'GEO': {'GEO-39697'}}"
722,Vaugris,hydro,Run-Of-River,PP,FR,100.13614489817157,,1980.0,,,45.495,4.826,,0.0,0.0,0.0,{'17W000001017794M'},"{'ENTSOE': {'17W000001017794M'}, 'JRC': {'JRC-H860'}, 'GPD': {'WRI1026734'}, 'GEO': {'GEO-39793'}}"
723,Rance,other,Marine,Store,FR,240.0,,1967.0,,,48.6180022,-2.0238876,,0.0,0.0,0.0,{'17W100P100P0272C'},"{'ENTSOE': {'17W100P100P0272C'}, 'JRC': {'JRC-H184'}, 'GPD': {'WRI1002761'}, 'GEO': {'GEO-44380'}}"
771,Gervans,hydro,Run-Of-River,PP,FR,166.89357483028596,,1971.0,,,45.1094,4.8212,,0.0,0.0,0.0,"{'17W000001017798E', '17W000001017797G'}","{'ENTSOE': {'17W000001017798E', '17W000001017797G'}, 'GEM': {'G601660'}, 'JRC': {'JRC-H607'}, 'GEO': {'GEO-39760'}}"
772,Sablons,hydro,Run-Of-River,PP,FR,222.52476644038126,,1977.0,,,45.3066,4.7975,,0.0,0.0,0.0,"{'17W000001017795K', '17W000001017796I'}","{'ENTSOE': {'17W000001017795K', '17W000001017796I'}, 'GEM': {'G601692'}, 'JRC': {'JRC-H474'}, 'GEO': {'GEO-39792'}}"
1122,Tet La Tet La,hydro,Reservoir,Store,FR,57.16104937937294,,1910.0,,,42.553,2.267,,17.5,25.0,0.0,{nan},"{'JRC': {'JRC-H954'}, 'GPD': {'WRI1026709'}, 'GEO': {'GEO-39805'}}"
1123,Triouzoune,hydro,Reservoir,Store,FR,30.597155385552423,,1945.0,,,45.347,2.349,,24.0,27.0,0.0,{nan},"{'JRC': {'JRC-H1331'}, 'GPD': {'WRI1026683'}, 'GEO': {'GEO-39752'}}"
1124,Tuilieres,hydro,Run-Of-River,PP,FR,30.088626282088203,,1908.0,,,44.845,0.633,,0.0,0.0,0.0,{nan},"{'JRC': {'JRC-H1346'}, 'GPD': {'WRI1026698'}, 'GEO': {'GEO-39755'}}"
1125,Val Beynette Val Beynette Val Beynette,hydro,Reservoir,Store,FR,41.19188550065401,,1927.0,,,45.416,2.372,,0.0,0.0,0.0,{nan},"{'JRC': {'JRC-H1155'}, 'GPD': {'WRI1026694'}, 'GEO': {'GEO-39750'}}"
1126,Vinon,hydro,Reservoir,Store,FR,44.62454263150343,,1967.0,,,43.725,5.827,,0.0,0.0,0.0,{nan},"{'JRC': {'JRC-H1098'}, 'GPD': {'WRI1026699'}, 'GEO': {'GEO-39822'}}"
1151,Enchanet,hydro,Reservoir,Store,FR,48.6772926588334,,1951.0,,,45.082,2.194,,93.0,0.0,0.0,{nan},"{'JRC': {'JRC-H1070'}, 'GPD': {'WRI1026700'}, 'GEO': {'GEO-39742'}}"
1152,Eygliers,hydro,Reservoir,Store,FR,34.326571252862976,,1982.0,,,44.672,6.65,,0.0,0.0,0.0,{nan},"{'JRC': {'JRC-H1275'}, 'GPD': {'WRI1026687'}, 'GEO': {'GEO-39771'}}"
1153,Golinhac,hydro,Reservoir,Store,FR,61.78782825793492,,1960.0,,,44.606,2.605,,0.0,0.0,0.0,{nan},"{'JRC': {'JRC-H913'}, 'GPD': {'WRI1026716'}, 'GEO': {'GEO-39722'}}"
1154,Gour Noir Le Gour Noir Le,hydro,Reservoir,Store,FR,55.631191610095314,,1947.0,,,45.071,2.067,,5.2,43.0,0.0,{nan},"{'JRC': {'JRC-H966'}, 'GPD': {'WRI1026706'}, 'GEO': {'GEO-39747'}}"
1155,Grandval,hydro,Reservoir,Store,FR,101.6066509173754,,1959.0,,,44.9219,3.0745,,0.0,0.0,0.0,{nan},"{'JRC': {'JRC-H649'}, 'GPD': {'WRI1026735'}, 'GEO': {'GEO-3375'}}"
1156,Grangent,hydro,Reservoir,Store,FR,50.8033254586877,,1957.0,,,45.467,4.248,,0.0,0.0,0.0,{nan},"{'JRC': {'JRC-H1042'}, 'GPD': {'WRI1026701'}, 'GEO': {'GEO-39798'}}"
1157,Hautefage,hydro,Reservoir,Store,FR,34.326571252862976,,1958.0,,,45.06,1.994,,0.0,0.0,0.0,{nan},"{'JRC': {'JRC-H1276'}, 'GPD': {'WRI1026686'}, 'GEO': {'GEO-39748'}}"
1158,Jouques,hydro,Run-Of-River,PP,FR,73.34102657389008,,1959.0,,,43.681,5.656,,0.0,0.0,0.0,{nan},"{'JRC': {'JRC-H815'}, 'GPD': {'WRI1026737'}, 'GEO': {'GEO-39733'}}"
1159,Lanau,hydro,Reservoir,Store,FR,28.834319860193265,,1962.0,,,44.891,3.003,,0.0,0.0,0.0,{nan},"{'JRC': {'JRC-H1369'}, 'GPD': {'WRI1026681'}, 'GEO': {'GEO-39744'}}"
1160,Lardy,hydro,Reservoir,Store,FR,61.78782825793492,,1947.0,,,44.662,2.583,,0.0,0.0,0.0,{nan},"{'JRC': {'JRC-H914'}, 'GPD': {'WRI1026717'}, 'GEO': {'GEO-39730'}}"
1161,Licq Atherey Licq Atherey Licq Atherey,hydro,Reservoir,Store,FR,37.62192209124636,,1956.0,,,43.048,-0.886,,0.0,0.0,0.0,{nan},"{'JRC': {'JRC-H1192'}, 'GPD': {'WRI1026689'}, 'GEO': {'GEO-39804'}}"
1162,Lot,hydro,Reservoir,Store,FR,39.26959751739195,,,,,44.663,2.664,,0.0,0.0,0.0,{nan},"{'JRC': {'JRC-H1170'}, 'GPD': {'WRI1026691'}, 'GEO': {'GEO-39731'}}"
1163,Louron,hydro,Reservoir,Store,FR,68.56544365944247,,1940.0,,,42.79,0.41,,25.4,24.0,0.0,{nan},"{'JRC': {'JRC-H856'}, 'GPD': {'WRI1026720'}, 'GEO': {'GEO-39775'}}"
1164,Soulom,hydro,Reservoir,Store,FR,78.26458246375964,,,,,42.953,-0.069,,0.0,0.0,0.0,{nan},"{'JRC': {'JRC-H768'}, 'GPD': {'WRI1026726'}, 'GEO': {'GEO-39803'}}"
1165,Manosque Voix Manosque Voix Manosque Voix,hydro,Run-Of-River,PP,FR,51.71482642798914,,1969.0,,,43.877,5.863,,0.0,0.0,0.0,{nan},"{'JRC': {'JRC-H1029'}, 'GPD': {'WRI1026724'}, 'GEO': {'GEO-39709'}}"
1166,Marcillac Barrage La Valette,hydro,Reservoir,Store,FR,41.72339370757149,,1949.0,,,45.215,2.038,,31.0,230.0,0.0,{nan},"{'JRC': {'JRC-H1154'}, 'GPD': {'WRI1026695'}, 'GEO': {'GEO-39751'}}"
1167,Mazet,hydro,Reservoir,Store,FR,77.88366825413344,,1951.0,,,45.801,1.803,,106.0,38.0,0.0,{nan},"{'JRC': {'JRC-H770'}, 'GPD': {'WRI1026725'}, 'GEO': {'GEO-39777'}}"
1168,Moux Charmines Moux Charmines Moux Charmines,hydro,Reservoir,Store,FR,38.44575980431915,,1950.0,,,46.277,5.554,,0.0,0.0,0.0,{nan},"{'JRC': {'JRC-H1189'}, 'GPD': {'WRI1026690'}, 'GEO': {'GEO-39701'}}"
1169,Nentilla,hydro,Reservoir,Store,FR,75.10210867362868,,1932.0,,,42.772,2.213,,0.0,0.0,0.0,{nan},"{'JRC': {'JRC-H538'}, 'GPD': {'WRI1026748'}, 'GEO': {'GEO-39719'}}"
1170,Ocana,hydro,Reservoir,Store,FR,58.35517114099329,,1961.0,,,41.946,8.935,,0.0,0.0,0.0,{nan},"{'JRC': {'JRC-H950'}, 'GPD': {'WRI1026711'}, 'GEO': {'GEO-39754'}}"
1171,Oo,hydro,Reservoir,Store,FR,41.72339370757149,,1921.0,,,42.804,0.56,,19.5,15.0,0.0,{nan},"{'JRC': {'JRC-H1127'}, 'GPD': {'WRI1026696'}, 'GEO': {'GEO-39765'}}"
1172,Pinet,hydro,Reservoir,Store,FR,92.48685605178346,,1929.0,,,44.07,2.805,,10.4,45.0,0.0,{nan},"{'JRC': {'JRC-H685'}, 'GPD': {'WRI1026730'}, 'GEO': {'GEO-39732'}}"
1173,Portillon Le Portillon Le Portillon Le,hydro,Reservoir,Store,FR,130.44097077756865,,1950.0,,,42.733,0.553,,0.0,0.0,0.0,{nan},"{'JRC': {'JRC-H544'}, 'GPD': {'WRI1026746'}, 'GEO': {'GEO-39766'}}"
1174,Quinson,hydro,Reservoir,Store,FR,56.29557686526521,,1974.0,,,43.699,6.051,,0.0,0.0,0.0,{nan},"{'JRC': {'JRC-H964'}, 'GPD': {'WRI1026708'}, 'GEO': {'GEO-39711'}}"
1175,Saint Cassien Saint Cassien Saint Cassien,hydro,Reservoir,Store,FR,29.795463851824294,,1966.0,,,43.602,6.841,,0.0,0.0,0.0,{nan},"{'JRC': {'JRC-H1350'}, 'GPD': {'WRI1026682'}, 'GEO': {'GEO-39821'}}"
1176,Saint Dalmas Saint Dalmas Saint Dalmas,hydro,Reservoir,Store,FR,68.65314250572595,,1917.0,,,44.047,7.586,,0.0,0.0,0.0,{nan},"{'JRC': {'JRC-H854'}, 'GPD': {'WRI1026722'}, 'GEO': {'GEO-39703'}}"
1177,Saint Georges Commiers Saint Georges De Commiers Saint Georges De Commiers,hydro,Reservoir,Store,FR,82.38377101521581,,1964.0,,,45.006,5.687,,0.0,0.0,0.0,{nan},"{'JRC': {'JRC-H752'}, 'GPD': {'WRI1026729'}, 'GEO': {'GEO-39794'}}"
1178,Saut Mortier Saut Mortier Saut Mortier,hydro,Run-Of-River,PP,FR,41.371861139609756,,1966.0,,,46.372,5.642,,0.0,0.0,0.0,{nan},"{'JRC': {'JRC-H1153'}, 'GPD': {'WRI1026712'}, 'GEO': {'GEO-39795'}}"
1179,Lugo Di Nazza Lugo Di Nazza Lugo Di Nazza,hydro,Reservoir,Store,FR,53.54945115502255,,1991.0,,,42.091,9.316,,0.0,0.0,0.0,{nan},"{'JRC': {'JRC-H1000'}, 'GPD': {'WRI1026704'}, 'GEO': {'GEO-39764'}}"
1252,Eguzon,hydro,Reservoir,Store,FR,98.86052522104055,,1926.0,,,46.455,1.613,,0.0,0.0,0.0,{nan},"{'JRC': {'JRC-H661'}, 'GPD': {'WRI1026733'}, 'GEO': {'GEO-39782'}}"
1308,Allement,hydro,Reservoir,Store,FR,43.93801121089666,,1960.0,,,46.112,5.422,,0.0,0.0,0.0,{nan},"{'JRC': {'JRC-H1113'}, 'GPD': {'WRI1026697'}, 'GEO': {'GEO-39694'}}"
1309,Argentat Generating Argentat Generating,hydro,Run-Of-River,PP,FR,66.06204003698818,,1957.0,,,45.104,1.954,,0.0,0.0,0.0,{nan},"{'JRC': {'JRC-H875'}, 'GPD': {'WRI1026718'}, 'GEO': {'GEO-39745', 'GEO-2154'}}"
1311,Artouste,hydro,Reservoir,Store,FR,122.38862154220969,,1947.0,,,42.887,-0.411,,6.7,56.0,0.0,{nan},"{'JRC': {'JRC-H574'}, 'GPD': {'WRI1026741'}, 'GEO': {'GEO-39802'}}"
1312,Auzerette,hydro,Reservoir,Store,FR,39.818822659440485,,1970.0,,,45.365,2.646,,0.0,0.0,0.0,{nan},"{'JRC': {'JRC-H1166'}, 'GPD': {'WRI1026692'}, 'GEO': {'GEO-39740'}}"
1313,Bancairon,hydro,Reservoir,Store,FR,68.65314250572595,,1933.0,,,44.003,7.137,,0.0,0.0,0.0,{nan},"{'JRC': {'JRC-H853'}, 'GPD': {'WRI1026721'}, 'GEO': {'GEO-39702'}}"
1314,Beaumont,hydro,Run-Of-River,PP,FR,41.371861139609756,,1969.0,,,43.735,5.753,,0.0,0.0,0.0,{nan},"{'JRC': {'JRC-H1152'}, 'GPD': {'WRI1026713'}, 'GEO': {'GEO-39824'}}"
1315,Beauvoir,hydro,Run-Of-River,PP,FR,36.67051327999114,,1963.0,,,45.121,5.319,,0.0,0.0,0.0,{nan},"{'JRC': {'JRC-H1210'}, 'GPD': {'WRI1026705'}, 'GEO': {'GEO-39791'}}"
1316,Brillanne,hydro,Run-Of-River,PP,FR,28.208087143803876,,1906.0,,,43.921,5.925,,0.0,0.0,0.0,{nan},"{'JRC': {'JRC-H1374'}, 'GPD': {'WRI1026693'}, 'GEO': {'GEO-39707'}}"
1317,Castelnau Lassouts Castelnau Lassouts Castelnau Lassouts,hydro,Reservoir,Store,FR,57.66863970647873,,1949.0,,,44.505,2.874,,0.0,0.0,0.0,{nan},"{'JRC': {'JRC-H952'}, 'GPD': {'WRI1026710'}, 'GEO': {'GEO-39729'}}"
1318,Castillon,hydro,Reservoir,Store,FR,94.57302573716203,,1948.0,,,43.878,6.538,,149.0,100.0,0.0,{nan},"{'JRC': {'JRC-H682'}, 'GPD': {'WRI1026731'}, 'GEO': {'GEO-39704'}}"
1319,Castirla,hydro,Reservoir,Store,FR,75.79749856875486,,1968.0,,,42.38,9.134,,25.5,74.0,0.0,{nan},"{'JRC': {'JRC-H797'}, 'GPD': {'WRI1026723'}, 'GEO': {'GEO-39763'}}"
1320,Chaudanne,hydro,Reservoir,Store,FR,33.36542726123195,,1952.0,,,43.848,6.544,,0.0,0.0,0.0,{nan},"{'JRC': {'JRC-H1301'}, 'GPD': {'WRI1026685'}, 'GEO': {'GEO-39705'}}"
1321,Cize Bolozon Cize Bolozon Cize Bolozon,hydro,Reservoir,Store,FR,31.58044555652812,,1931.0,,,46.211,5.465,,0.0,0.0,0.0,{nan},"{'JRC': {'JRC-H1323'}, 'GPD': {'WRI1026684'}, 'GEO': {'GEO-39699'}}"
1322,Coiselet,hydro,Reservoir,Store,FR,56.29557686526521,,1971.0,,,46.294,5.592,,0.0,0.0,0.0,{nan},"{'JRC': {'JRC-H963'}, 'GPD': {'WRI1026707'}, 'GEO': {'GEO-39700'}}"
1323,Cusset Jonage Cusset Jonage Cusset Jonage,hydro,Run-Of-River,PP,FR,79.92291357179302,,1899.0,,,45.79,5.025,,0.0,0.0,0.0,{nan},"{'JRC': {'JRC-H765'}, 'GPD': {'WRI1026739'}, 'GEO': {'GEO-39812'}}"
1324,Egets,hydro,Reservoir,Store,FR,51.2152443082702,,1924.0,,,42.955,0.565,,0.0,0.0,0.0,{nan},"{'JRC': {'JRC-H1037'}, 'GPD': {'WRI1026702'}, 'GEO': {'GEO-39774'}}"
1325,Argentiere Bessee Argentiere La Bessee Argentiere La Bessee,hydro,Reservoir,Store,FR,52.17638831380902,,1909.0,,,44.783,6.548,,0.0,0.0,0.0,{nan},"{'JRC': {'JRC-H1025'}, 'GPD': {'WRI1026703'}, 'GEO': {'GEO-39767'}}"
1432,Provence Biomasse,solid biomass,Steam Turbine,PP,FR,150.0,,1995.0,2018.0,,43.4688,5.4896,,0.0,0.0,0.0,{'17W100P100P03647'},"{'ENTSOE': {'17W100P100P03647'}, 'GEM': {'G108157'}, 'OPSD': {'OEU-164'}}"
1635,Salon,hydro,Reservoir,PP,FR,133.51485986422875,,1965.0,,,43.6331,5.1148,,0.0,0.0,0.0,{nan},"{'GEM': {'G601702'}, 'JRC': {'JRC-H673'}, 'GEO': {'GEO-39737'}}"
1636,Mallemort,hydro,Reservoir,PP,FR,137.6871992349859,,1966.0,,,43.7161,5.2061,,0.0,0.0,0.0,{nan},"{'GEM': {'G601673'}, 'JRC': {'JRC-H672'}, 'GEO': {'GEO-39734'}}"
1637,Laval De Cere,hydro,Run-Of-River,Store,FR,133.51485986422875,,1967.0,,,44.9532,1.9495,,0.0,0.0,0.0,{nan},"{'GEM': {'G601668'}, 'JRC': {'JRC-H390'}, 'GEO': {'GEO-39799'}}"
1638,Gambsheim,hydro,Run-Of-River,PP,FR,139.07797902523828,,1974.0,,,48.6852,7.9141,,0.0,0.0,0.0,{nan},"{'GEM': {'G604125'}, 'JRC': {'JRC-H650'}, 'GEO': {'GEO-39810'}}"
1878,Romanche Gavet,hydro,Run-Of-River,PP,FR,134.90563965448115,,2020.0,,,45.1172,5.9613,,0.0,0.0,0.0,{nan},"{'GEM': {'G601691'}, 'JRC': {'JRC-H3673'}}"
2584,Teich,hydro,Reservoir,Store,FR,8.6502959566672,,1942.0,,,42.71,1.864,,0.0,0.0,0.0,{nan},"{'JRC': {'JRC-H1918'}, 'GEO': {'GEO-39718'}}"
2585,Rhue La Rhue La,hydro,Reservoir,Store,FR,16.476754205824726,,1952.0,,,45.415,2.499,,0.0,0.0,0.0,{nan},"{'JRC': {'JRC-H1688'}, 'GEO': {'GEO-39741'}}"
2586,Monceaux La Virolle Monceaux La Virolle,hydro,Reservoir,Store,FR,26.424816014795276,,1946.0,,,45.576,1.84,,20.5,32.0,0.0,{nan},"{'JRC': {'JRC-H1420'}, 'GEO': {'GEO-39753'}}"
2587,Lazer Le Lazer Le Lazer Le,hydro,Reservoir,Store,FR,22.655537033008994,,1994.0,,,44.346,5.868,,0.0,0.0,0.0,{nan},"{'JRC': {'JRC-H1496'}, 'GEO': {'GEO-39772'}}"
2588,Largue,hydro,Run-Of-River,PP,FR,11.283234856130772,,1916.0,,,43.854,5.859,,0.0,0.0,0.0,{nan},"{'JRC': {'JRC-H1834'}, 'GEO': {'GEO-39708'}}"
2589,Hourat,hydro,Reservoir,Store,FR,190.85573623601346,,,,,43.075,-0.42,,0.0,0.0,0.0,{nan},"{'JRC': {'JRC-H374'}, 'GEO': {'GEO-39801'}}"
2590,Claux,hydro,Reservoir,Store,FR,18.536348481552814,,1932.0,,,44.876,6.48,,0.0,0.0,0.0,{nan},"{'JRC': {'JRC-H1609'}, 'GEO': {'GEO-39769'}}"
2591,Champcella,hydro,Reservoir,Store,FR,16.476754205824726,,1909.0,,,44.737,6.575,,0.0,0.0,0.0,{nan},"{'JRC': {'JRC-H1687'}, 'GEO': {'GEO-39768'}}"
2592,Cambeyrac,hydro,Reservoir,Store,FR,13.456015932902485,,1957.0,,,44.655,2.574,,0.0,0.0,0.0,{nan},"{'JRC': {'JRC-H1777'}, 'GEO': {'GEO-39728'}}"
5162,Montelimar Chateauneuf Du Rhone,hydro,Run-Of-River,PP,FR,396.37224022192913,,1957.0,1957.0,,44.59281,4.72593,,0.0,19.0,0.0,{nan},"{'JRC': {'JRC-H150'}, 'OPSD': {'OEU-221'}}"
6511,Cycofos Tv,other,,PP,FR,62.0,,2009.0,2009.0,,43.42801,4.88652,,0.0,0.0,0.0,{'17W100P100P0352E'},"{'ENTSOE': {'17W100P100P0352E'}, 'OPSD': {'OEU-312'}}"
7377,Arvan,hydro,Run-Of-River,PP,FR,40.3326139173191,,,,,45.239059,6.3168593,,0.0,0.0,0.0,{nan},{'JRC': {'JRC-H3407'}}
7436,Calypso,hydro,Run-Of-River,PP,FR,27.53743984699718,,,,,45.235311,6.4399136,,0.0,0.0,0.0,{nan},{'JRC': {'JRC-H3406'}}
7477,Centrale Hydraulique Edf De Golfech Sud Ouest,hydro,Run-Of-River,PP,FR,87.61912678590012,,,,,44.1091231,0.8503732,,0.0,0.0,0.0,{nan},{'JRC': {'JRC-H3672'}}
7478,Centrale Hydro Electrique Luz,hydro,Run-Of-River,PP,FR,103.71044895912019,,,,,42.87024,-0.01209,,0.0,0.0,0.0,{nan},{'JRC': {'JRC-H3421'}}
7479,Centrale Hydroelectrique Arrens,hydro,Run-Of-River,PP,FR,34.07410486118338,,,,,42.9474,-0.2179,,0.0,0.0,0.0,{nan},{'JRC': {'JRC-H3418'}}
7480,Centrale Hydroelectrique De Lau Balagnas,hydro,Run-Of-River,PP,FR,43.531407434899585,,,,,42.9929,-0.0998,,0.0,0.0,0.0,{nan},{'JRC': {'JRC-H3420'}}
7481,Centrale Hydroelectrique De Nouaux,hydro,Run-Of-River,PP,FR,26.70297197284575,,,,,42.9842,-0.1428,,0.0,0.0,0.0,{nan},{'JRC': {'JRC-H3419'}}
7482,Centrale Hydroelectrique De Tucoy,hydro,Run-Of-River,PP,FR,15.43765567180145,,,,,42.90973,-0.25888,,0.0,0.0,0.0,{nan},{'JRC': {'JRC-H3417'}}
7774,Laparan,hydro,Reservoir,Store,FR,61.194310771104846,,,,,42.6717259,1.7009906,,15.7,439.0,0.0,{nan},{'JRC': {'JRC-H3408'}}
7836,Montahut,hydro,Reservoir,Store,FR,135.9332221702384,,,,,43.571,2.94,,0.0,0.0,0.0,{nan},{'JRC': {'JRC-H535'}}
7875,Orelle,hydro,Run-Of-River,PP,FR,100.13614489817157,,,,,45.20308,6.57913,,0.0,0.0,0.0,{nan},{'JRC': {'JRC-H3405'}}
8082,Villerest,hydro,Reservoir,Store,FR,80.6652278346382,,,,,45.9869,4.04938,,128.0,70.0,0.0,{nan},{'JRC': {'JRC-H755'}}
9592,Aussois,hydro,Reservoir,PP,FR,120.99784175195731,,1947.0,,,45.2518,6.7236,,0.0,0.0,0.0,{nan},{'GEM': {'G601639'}}
11880,Dalkia,solid biomass,Steam Turbine,PP,FR,50.0,,2010.0,,,44.6314,-0.9779,,0.0,0.0,0.0,{nan},{'GEM': {'G201388'}}
14046,Iffezheim,hydro,Run-Of-River,PP,FR,203.0538493768479,,1978.0,,,48.8325,8.1115,,0.0,0.0,0.0,{nan},{'GEM': {'G604127'}}
14109,Isseane Waste To Energy,solid biomass,Steam Turbine,PP,FR,52.0,,2007.0,,,48.8321,2.2636,,0.0,0.0,0.0,{nan},{'GEM': {'G200286'}}
14149,Ivry Paris Xiii,solid biomass,Steam Turbine,PP,FR,64.0,,1969.0,,2023.0,48.8229,2.3876,,0.0,0.0,0.0,{nan},{'GEM': {'G200287'}}
15356,Les Brevieres,hydro,Reservoir,PP,FR,125.17018112271445,,1952.0,,,45.5042,6.9247,,0.0,0.0,0.0,{nan},{'GEM': {'G601670'}}
16259,Montahut,hydro,Reservoir,PP,FR,132.12408007397636,,1966.0,,,43.5708,2.9397,,0.0,0.0,0.0,{nan},{'GEM': {'G601676'}}
19054,Saint Pierre Cognet,hydro,Run-Of-River,PP,FR,140.46875881549067,,1957.0,,,44.8725,5.7732,,0.0,0.0,0.0,{nan},{'GEM': {'G601696'}}
21365,Vesta Waste To Energy,solid biomass,Steam Turbine,PP,FR,32.0,,2000.0,,,49.4291,1.0315,,0.0,0.0,0.0,{nan},{'GEM': {'G200352'}}
1,Cattenom,nuclear,steam turbine,PP,FR,2600.0,,1991.0,,2051.0,49.406263,6.243668,,,,,"{'17W100P100P0190E', '17W100B100P0189S', '17W100P100P01881', '17W100P100P01873'}",
2,Chooz,nuclear,steam turbine,PP,FR,3000.0,,2000.0,,2060.0,50.102368,4.807117,,,,,"{'17W100P100P01962', '17W100P100P01954'}",
3,Civaux,nuclear,steam turbine,PP,FR,2990.0,,2002.0,,2062.0,46.444209,0.664866,,,,,"{'17W100P100P0198Z', '17W100P100P01970'}",
4,Flamanville,nuclear,steam turbine,PP,FR,1630.0,,2020.0,,2085.0,49.53207,-1.865804,,,,,"{'17W100P100P0210Y', '17W100P100P0209J'}",
5,Golfech,nuclear,steam turbine,PP,FR,2620.0,,1991.0,,2051.0,44.114113,0.851985,,,,,"{'17W100P100P0211W', '17W100P100P0212U'}",
6,Penly,nuclear,steam turbine,PP,FR,6000.0,,1990.0,,2050.0,49.957475,1.222451,,,,,"{'17W100P100P0226J', '17W100P100P0225L'}",
94,Tricastin,nuclear,Steam Turbine,PP,FR,3340.0,,1980.0,,2055.0,44.3311,4.7311,,0.0,0.0,0.0,"{'17W100P100P0234K', '17W100P100P0232O', '17W100P100P0233M', '17W100P100P0231Q'}","{'ENTSOE': {'17W100P100P0234K', '17W100P100P0232O', '17W100P100P0233M', '17W100P100P0231Q'}, 'GEM': {'G100000500288', 'G100000500285', 'G100000500287', 'G100000500286'}, 'OPSD': {'OEU-308', 'OEU-310', 'OEU-309', 'OEU-311'}, 'WIKIPEDIA': {'WIKIPEDIA-124', 'WIKIPEDIA-125', 'WIKIPEDIA-123', 'WIKIPEDIA-122'}, 'GPD': {'WRI1002782'}, 'GEO': {'GEO-5778'}}"
117,Gravelines,nuclear,Steam Turbine,PP,FR,3340.0,,1980.0,,2055.0,51.0141,2.1332,,0.0,0.0,0.0,"{'17W100P100P0218I', '17W100P100P0216M', '17W100P100P0217K', '17W100P100P0215O', '17W100P100P0214Q', '17W100P100P0213S'}","{'ENTSOE': {'17W100P100P0218I', '17W100P100P0216M', '17W100P100P0217K', '17W100P100P0215O', '17W100P100P0214Q', '17W100P100P0213S'}, 'GEM': {'G100000500297', 'G100000500300', 'G100000500298', 'G100000500302', 'G100000500301', 'G100000500299'}, 'OPSD': {'OEU-294', 'OEU-293', 'OEU-290', 'OEU-291', 'OEU-292', 'OEU-295'}, 'WIKIPEDIA': {'WIKIPEDIA-98', 'WIKIPEDIA-102', 'WIKIPEDIA-103', 'WIKIPEDIA-100', 'WIKIPEDIA-101', 'WIKIPEDIA-99'}, 'GPD': {'WRI1002735'}, 'GEO': {'GEO-3383'}}"
118,Bugey,nuclear,Steam Turbine,PP,FR,3340.0,,1972.0,,2055.0,45.7973,5.2706,,0.0,0.0,0.0,"{'17W100P100P0181F', '17W100P100P01849', '17W100P100P0182D', '17W100P100P0183B'}","{'ENTSOE': {'17W100P100P0181F', '17W100P100P01849', '17W100P100P0182D', '17W100P100P0183B'}, 'GEM': {'G100000500309', 'G100000500394', 'G100000500303', 'G100000500310', 'G100000500304'}, 'OPSD': {'OEU-263', 'OEU-262', 'OEU-261', 'OEU-260'}, 'WIKIPEDIA': {'WIKIPEDIA-62', 'WIKIPEDIA-63', 'WIKIPEDIA-64', 'WIKIPEDIA-65', 'WIKIPEDIA-66'}, 'GPD': {'WRI1002701'}, 'GEO': {'GEO-2471'}}"
